{
    "DecisionTreeRegressor": {
        "metrics": {
            "rmse": 0.6439405170298991,
            "mae": 0.4829212598849485,
            "r2": 0.5896551209660352
        }
    },
    "GradientBoostingRegressor": {
        "metrics": {
            "rmse": 0.45619091994800354,
            "mae": 0.3370167290026232,
            "r2": 0.7940552204314304
        }
    },
    "Lasso": {
        "metrics": {
            "rmse": 0.5808486599928544,
            "mae": 0.44854625484286953,
            "r2": 0.6661253101480371
        }
    },
    "Ridge": {
        "metrics": {
            "rmse": 0.580972736165929,
            "mae": 0.448524609930899,
            "r2": 0.6659826557143149
        }
    },
    "SVR": {
        "metrics": {
            "rmse": 0.918955356185867,
            "mae": 0.69801830116002,
            "r2": 0.16430781501013314
        }
    }
}