{
    "SVR": {
        "metrics": {
            "rmse": 0.9149542837532878,
            "mae": 0.694427812860458,
            "r2": 0.17156907289405643
        }
    },
    "GradientBoostingRegressor": {
        "metrics": {
            "rmse": 0.48963092385758905,
            "mae": 0.36720860481065704,
            "r2": 0.7627560250299312
        }
    },
    "Ridge": {
        "metrics": {
            "rmse": 0.8161645719188603,
            "mae": 0.6422110168747823,
            "r2": 0.34080638514953576
        }
    },
    "Lasso": {
        "metrics": {
            "rmse": 0.9981016689858636,
            "mae": 0.8223135554387132,
            "r2": 0.014158542323784329
        }
    },
    "DecisionTreeRegressor": {
        "metrics": {
            "rmse": 0.6785699491768892,
            "mae": 0.43493055555555543,
            "r2": 0.5443338582157695
        }
    }
}