{
    "SVR": {
        "metrics": {
            "rmse": 0.9149542837532878,
            "mae": 0.694427812860458,
            "r2": 0.17156907289405643
        }
    },
    "GradientBoostingRegressor": {
        "metrics": {
            "rmse": 0.5294975483701434,
            "mae": 0.4112803568846853,
            "r2": 0.7225495578403265
        }
    },
    "Ridge": {
        "metrics": {
            "rmse": 0.8161645719188603,
            "mae": 0.6422110168747823,
            "r2": 0.34080638514953576
        }
    },
    "Lasso": {
        "metrics": {
            "rmse": 0.9981016689858636,
            "mae": 0.8223135554387132,
            "r2": 0.014158542323784329
        }
    },
    "DecisionTreeRegressor": {
        "metrics": {
            "rmse": 0.6789996386296971,
            "mae": 0.4440972222222221,
            "r2": 0.5437565944369183
        }
    }
}