{
    "DecisionTreeRegressor": {
        "metrics": {
            "rmse": 0.6523135572457588,
            "mae": 0.49412558579859933,
            "r2": 0.5789144645132178
        }
    },
    "GradientBoostingRegressor": {
        "metrics": {
            "rmse": 0.4721295132045999,
            "mae": 0.3519691211457483,
            "r2": 0.7794130515511056
        }
    },
    "Lasso": {
        "metrics": {
            "rmse": 0.5811780289982378,
            "mae": 0.4485401109162356,
            "r2": 0.665746556917981
        }
    },
    "Ridge": {
        "metrics": {
            "rmse": 0.5807206377469315,
            "mae": 0.44852363888692703,
            "r2": 0.6662724695723631
        }
    },
    "SVR": {
        "metrics": {
            "rmse": 0.8162959762109597,
            "mae": 0.6362890533603365,
            "r2": 0.34059410481693664
        }
    }
}