{
    "DecisionTreeRegressor": {
        "metrics": {
            "rmse": 0.7945145960075477,
            "mae": 0.6181242804357528,
            "r2": 0.37531471758692814
        }
    },
    "GradientBoostingRegressor": {
        "metrics": {
            "rmse": 0.628288471374691,
            "mae": 0.4293431114004768,
            "r2": 0.609360913539783
        }
    },
    "Lasso": {
        "metrics": {
            "rmse": 0.8730028649281221,
            "mae": 0.7064859055024506,
            "r2": 0.2457959644254094
        }
    },
    "Ridge": {
        "metrics": {
            "rmse": 0.6772525030511959,
            "mae": 0.5372911053473627,
            "r2": 0.5461014956902324
        }
    },
    "SVR": {
        "metrics": {
            "rmse": 0.918955356185867,
            "mae": 0.69801830116002,
            "r2": 0.16430781501013314
        }
    }
}