{
    "SVR": {
        "metrics": {
            "rmse": 0.9149542837532878,
            "mae": 0.694427812860458,
            "r2": 0.17156907289405643
        }
    },
    "GradientBoostingRegressor": {
        "metrics": {
            "rmse": 0.5281180215116483,
            "mae": 0.4104148609035905,
            "r2": 0.7239933860075769
        }
    },
    "Ridge": {
        "metrics": {
            "rmse": 0.8161645719188603,
            "mae": 0.6422110168747823,
            "r2": 0.34080638514953576
        }
    },
    "Lasso": {
        "metrics": {
            "rmse": 0.9981016689858636,
            "mae": 0.8223135554387132,
            "r2": 0.014158542323784329
        }
    },
    "DecisionTreeRegressor": {
        "metrics": {
            "rmse": 0.6740764429394681,
            "mae": 0.43732638888888875,
            "r2": 0.5503487406257632
        }
    }
}