{
    "DecisionTreeRegressor": {
        "metrics": {
            "rmse": 0.6552322852135392,
            "mae": 0.49232968627092805,
            "r2": 0.5751378030412189
        }
    },
    "GradientBoostingRegressor": {
        "metrics": {
            "rmse": 0.44234161916823955,
            "mae": 0.3324418513837017,
            "r2": 0.806369788128387
        }
    },
    "Lasso": {
        "metrics": {
            "rmse": 0.5811780934526317,
            "mae": 0.4485401097710318,
            "r2": 0.6657464827785496
        }
    },
    "Ridge": {
        "metrics": {
            "rmse": 0.5807142234280694,
            "mae": 0.44852361309978167,
            "r2": 0.6662798418709588
        }
    },
    "SVR": {
        "metrics": {
            "rmse": 0.8163305754126915,
            "mae": 0.6363209596075055,
            "r2": 0.34053820499195275
        }
    }
}